{
    "peak_usage_percent": 29.942857142857136,
    "history_times": [
        0.01267695426940918,
        0.12111449241638184,
        0.22970366477966309,
        0.3380711078643799,
        0.4465453624725342,
        0.5595269203186035,
        0.6679601669311523,
        0.7765762805938721,
        0.8850431442260742,
        0.993208646774292,
        1.1015727519989014,
        1.209979772567749,
        1.3189706802368164,
        1.4273617267608643,
        1.5360653400421143,
        1.6447646617889404,
        1.753328561782837,
        1.8618173599243164,
        1.9702789783477783,
        2.0786244869232178,
        2.187105178833008,
        2.2954976558685303,
        2.404141902923584,
        2.512629508972168,
        2.622084856033325,
        2.730687379837036,
        2.839214563369751,
        2.9478108882904053,
        3.0561602115631104,
        3.1645119190216064,
        3.2733218669891357,
        3.381798028945923,
        3.490396022796631,
        3.5989627838134766,
        3.70772647857666,
        3.8168201446533203,
        3.9257071018218994,
        4.0347912311553955,
        4.143653631210327,
        4.252683401107788,
        4.361562967300415,
        4.47018575668335,
        4.5788795948028564,
        4.687340259552002,
        4.795650959014893,
        4.904103994369507,
        5.012683868408203,
        5.1209869384765625,
        5.229916095733643,
        5.3386030197143555,
        5.446969509124756,
        5.560463905334473,
        5.66918158531189,
        5.777719974517822,
        5.88666033744812,
        5.995143175125122,
        6.10392165184021,
        6.2126147747039795,
        6.3209898471832275,
        6.4294593334198,
        6.537788391113281,
        6.6464526653289795,
        6.755073547363281,
        6.864010572433472,
        6.972565174102783,
        7.0812718868255615,
        7.189868450164795,
        7.298741340637207,
        7.40753436088562,
        7.516063451766968,
        7.6246092319488525,
        7.732958793640137,
        7.8419599533081055,
        7.950734615325928,
        8.059112548828125,
        8.167616605758667,
        8.27595043182373,
        8.38465666770935,
        8.493401050567627,
        8.601856231689453,
        8.710444450378418,
        8.81897521018982,
        8.928041458129883,
        9.036823987960815,
        9.145435810089111,
        9.25412893295288,
        9.36287260055542,
        9.471659183502197,
        9.58044981956482,
        9.689934015274048,
        9.798826694488525,
        9.907495260238647,
        10.020277976989746,
        10.128459692001343,
        10.236457824707031,
        10.344544410705566,
        10.453074932098389,
        10.561532497406006,
        10.669787406921387,
        10.778285264968872,
        10.887184381484985,
        10.995801448822021,
        11.104286909103394,
        11.212654113769531,
        11.322592735290527,
        11.463158130645752,
        11.572977304458618,
        11.682542562484741,
        11.791503429412842,
        11.900221586227417,
        12.012973546981812,
        12.122905254364014,
        12.231720685958862,
        12.340498924255371,
        12.449877977371216,
        12.559224843978882,
        12.66817831993103,
        12.777194499969482,
        12.8862144947052,
        12.994953632354736,
        13.103872776031494,
        13.213022708892822,
        13.323208808898926,
        13.43229365348816,
        13.560685157775879,
        13.679760217666626,
        13.790191650390625,
        13.901997566223145,
        14.011714935302734,
        14.121058940887451,
        14.229904890060425,
        14.342022180557251,
        14.450519323348999,
        14.559252738952637,
        14.678609132766724,
        14.787315845489502,
        14.895628213882446,
        15.004095077514648,
        15.11335825920105,
        15.222435474395752,
        15.334705114364624,
        15.44349455833435,
        15.552728176116943,
        15.682090997695923,
        15.807178258895874,
        15.91706919670105,
        16.03430676460266,
        16.143155097961426,
        16.252564907073975,
        16.361371278762817,
        16.470121145248413,
        16.5785071849823,
        16.687264680862427,
        16.79595923423767,
        16.90441608428955,
        17.01388955116272,
        17.12311887741089,
        17.232651948928833,
        17.34125018119812,
        17.449871063232422,
        17.559173107147217,
        17.673426866531372,
        17.782278537750244,
        17.91048002243042,
        18.019362688064575,
        18.128998041152954,
        18.238482236862183,
        18.349329471588135,
        18.458245277404785,
        18.567766427993774,
        18.6768798828125,
        18.785730361938477,
        18.895572662353516,
        19.005009412765503,
        19.114609003067017,
        19.223562955856323,
        19.334038257598877,
        19.44335150718689,
        19.552278518676758,
        19.66504669189453,
        19.7780659198761,
        19.88759207725525,
        20.03013277053833,
        20.14800000190735,
        20.257044315338135,
        20.365092039108276,
        20.473458528518677,
        20.58187484741211,
        20.690747499465942,
        20.80054998397827,
        20.909884452819824,
        21.0196750164032,
        21.128281116485596,
        21.23660182952881,
        21.34507155418396,
        21.453344106674194,
        21.561908960342407,
        21.670287132263184,
        21.77851891517639,
        21.887207746505737,
        21.996886730194092,
        22.11617136001587,
        22.22847819328308,
        22.343141317367554,
        22.452306509017944,
        22.562721014022827,
        22.67187523841858,
        22.78089475631714,
        22.88994550704956,
        22.999274253845215,
        23.108457803726196,
        23.21766710281372,
        23.327218770980835,
        23.436325073242188,
        23.545695543289185,
        23.65531086921692,
        23.76423144340515,
        23.87369465827942,
        23.981884002685547,
        24.08993673324585,
        24.200963258743286,
        24.32268500328064,
        24.44117498397827,
        24.549569606781006,
        24.657790422439575,
        24.76657748222351,
        24.87935209274292,
        24.987818717956543,
        25.096811771392822,
        25.212468147277832,
        25.32162046432495,
        25.4307541847229,
        25.539929628372192,
        25.64919638633728,
        25.758111476898193,
        25.88052797317505,
        25.988808393478394,
        26.097336292266846,
        26.206072568893433,
        26.31453537940979,
        26.43751835823059,
        26.548794269561768,
        26.657949447631836,
        26.774823904037476,
        26.88382387161255,
        26.996622562408447,
        27.10563850402832,
        27.214782238006592,
        27.323524475097656,
        27.432613134384155,
        27.547990560531616,
        27.65791130065918,
        27.76735782623291,
        27.876266479492188,
        27.984968900680542,
        28.0936017036438,
        28.20252776145935,
        28.313594341278076,
        28.423035621643066,
        28.53242325782776,
        28.64153790473938
    ],