{
    "peak_usage_percent": 29.14285714285715,
    "history_times": [
        0.01370549201965332,
        0.1232903003692627,
        0.2329390048980713,
        0.3416416645050049,
        0.4507150650024414,
        0.5638716220855713,
        0.6723802089691162,
        0.7810485363006592,
        0.8897304534912109,
        0.9986791610717773,
        1.1072649955749512,
        1.2157092094421387,
        1.3244483470916748,
        1.4330995082855225,
        1.5418126583099365,
        1.6504764556884766,
        1.7589514255523682,
        1.867830753326416,
        1.977245569229126,
        2.0866122245788574,
        2.1952834129333496,
        2.3038249015808105,
        2.4122509956359863,
        2.5206923484802246,
        2.6292173862457275,
        2.737865447998047,
        2.847081422805786,
        2.9558088779449463,
        3.0645182132720947,
        3.173302173614502,
        3.2819437980651855,
        3.391444206237793,
        3.5005533695220947,
        3.609666109085083,
        3.7183523178100586,
        3.8272008895874023,
        3.9358069896698,
        4.044334173202515,
        4.153253078460693,
        4.262402534484863,
        4.371004819869995,
        4.479681015014648,
        4.588584899902344,
        4.697116374969482,
        4.805685997009277,
        4.914787292480469,
        5.023273944854736,
        5.131471633911133,
        5.239563941955566,
        5.347897529602051,
        5.456439733505249,
        5.569366693496704,
        5.67793869972229,
        5.786928176879883,
        5.8955934047698975,
        6.004314184188843,
        6.113037109375,
        6.221769332885742,
        6.331008195877075,
        6.439788103103638,
        6.548567533493042,
        6.657057285308838,
        6.765666246414185,
        6.874444246292114,
        6.983052492141724,
        7.0917065143585205,
        7.200289726257324,
        7.30951714515686,
        7.418259620666504,
        7.526812791824341,
        7.635417938232422,
        7.744029760360718,
        7.85244607925415,
        7.960870265960693,
        8.069834470748901,
        8.179181814193726,
        8.287962198257446,
        8.396625757217407,
        8.505154371261597,
        8.614079475402832,
        8.723386764526367,
        8.832157850265503,
        8.94105052947998,
        9.049906253814697,
        9.158529996871948,
        9.266885042190552,
        9.375406265258789,
        9.483861923217773,
        9.592601299285889,
        9.700952768325806,
        9.80974793434143,
        9.91813611984253,
        10.027407169342041,
        10.135959386825562,
        10.245304822921753,
        10.35673713684082,
        10.47156286239624,
        10.582176446914673,
        10.691590309143066,
        10.801116943359375,
        10.909939527511597,
        11.0185866355896,
        11.128259420394897,
        11.237460374832153,
        11.384176015853882,
        11.496330976486206,
        11.605161190032959,
        11.713704586029053,
        11.822221755981445,
        11.93165373802185,
        12.040532112121582,
        12.150690793991089,
        12.263364315032959,
        12.412944555282593,
        12.525594472885132,
        12.635722398757935,
        12.745439291000366,
        12.854463338851929,
        12.96401333808899,
        13.073395729064941,
        13.195817947387695,
        13.304528713226318,
        13.419976711273193,
        13.528406620025635,
        13.637474060058594,
        13.745878458023071,
        13.85537838935852,
        13.964627981185913,
        14.085770606994629,
        14.195037603378296,
        14.322600841522217,
        14.432955265045166,
        14.542719841003418,
        14.651862382888794,
        14.76184368133545,
        14.880943775177002,
        15.018698692321777,
        15.132482528686523,
        15.243555545806885,
        15.352806568145752,
        15.461503505706787,
        15.57057523727417,
        15.681778192520142,
        15.793184280395508,
        15.904717206954956,
        16.01755166053772,
        16.126397132873535,
        16.236594438552856,
        16.346537828445435,
        16.455397844314575,
        16.567278146743774,
        16.68198871612549,
        16.794651985168457,
        16.9035701751709,
        17.01242733001709,
        17.12209677696228,
        17.231269598007202,
        17.340916872024536,
        17.450783729553223,
        17.560234546661377,
        17.66993236541748,
        17.779218435287476,
        17.88847851753235
    ],
    "history_values": [
        0.0,
        0.0,
        0.0,
        0.0,
        0.0,
        0.0,
        0.0,
        0.0,
        0.0,
        0.0,
        0.0,
        0.0,
        0.0,
        0.0,
        0.0,
        0.0,
        0.0,
        0.0,
        0.0,
        0.0,
        0.0,
        0.0,
        0.0,
        0.0,
        0.0,
        0.0,
        0.0,
        0.0,
        0.0,
        0.0,
        0.0,
        0.0,
        0.0,
        0.0,
        0.0,
        0.0,
        0.0,
        0.0,
        0.0,
        0.0,
        0.0,
        0.0,
        0.0,
        0.0,
        0.0,
        0.0,
        0.0,
        0.0,
        0.0,
        0.0,
        0.0,
        0.0,
        0.0,
        0.0,
        0.0,
        0.0,
        0.0,
        0.0,
        0.0,
        0.0,
        0.0,
        0.0,
        0.0,
        0.0,
        0.0,
        0.0,
        0.0,
        0.0,
        0.0,
        0.0,
        0.0,
        0.0,
        0.0,
        0.0,
        0.0,
        0.0,
        0.0,
        0.0,
        0.0,
        0.0,
        0.0,
        0.0,
        0.0,
        0.0,
        0.0,
        0.0,
        0.0,
        0.0,
        0.0,
        0.0,
        0.0,
        0.0,
        0.11428571428571122,
        0.22857142857143353,
        0.0,
        0.0,
        0.11428571428571122,
        0.22857142857143353,
        0.22857142857143353,
        7.314285714285718,
        7.314285714285718,
        7.314285714285718,
        21.599999999999998,
        29.14285714285715,
        0.22857142857143353,
        0.45714285714285596,
        3.314285714285714,
        3.314285714285714,
        3.314285714285714,
        3.314285714285714,
        14.742857142857147,
        28.68571428571428,
        22.62857142857143,
        0.45714285714285596,
        3.314285714285714,
        3.314285714285714,
        7.9999999999999964,
        7.9999999999999964,
        17.94285714285714,
        21.942857142857143,
        13.942857142857147,
        13.942857142857147,
        3.314285714285714,
        3.314285714285714,
        7.9999999999999964,
        7.9999999999999964,
        17.94285714285714,
        21.942857142857143,
        13.942857142857147,
        13.942857142857147,
        3.314285714285714,
        7.9999999999999964,
        7.9999999999999964,
        7.9999999999999964,
        17.94285714285714,
        22.62857142857143,
        13.942857142857147,
        3.314285714285714,
        3.314285714285714,
        7.9999999999999964,
        7.9999999999999964,
        7.9999999999999964,
        21.942857142857143,
        22.62857142857143,
        13.942857142857147,
        3.314285714285714,
        3.314285714285714,
        7.9999999999999964,
        7.9999999999999964,
        7.9999999999999964,
        21.942857142857143,
        22.62857142857143,
        13.942857142857147,
        3.314285714285714,
        3.314285714285714,
        7.9999999999999964,
        7.9999999999999964,
        15.08571428571429,
        16.914285714285715,
        7.9999999999999964,
        0.0,
        0.0,
        0.0
    ]
}